{"cameraMode":{"drawMode":0,"name":"Shaded","section":"Shading Mode"},"sceneLighting":true,"audioPlay":false,"sceneViewState":{"m_AlwaysRefresh":false,"showFog":true,"showSkybox":true,"showFlares":true,"showImageEffects":true,"showParticleSystems":true,"showVisualEffectGraphs":true,"m_FxEnabled":true},"in2DMode":false,"pivot":{"x":-1.9457647800445557,"y":1.0394320487976075,"z":-0.35065603256225588},"rotation":{"x":0.2868719696998596,"y":0.015805533155798913,"z":-0.004733852576464415,"w":0.9578296542167664},"size":3.6939852237701418,"orthographic":false}