{"cameraMode":{"drawMode":0,"name":"Shaded","section":"Shading Mode"},"sceneLighting":false,"audioPlay":false,"sceneViewState":{"m_AlwaysRefresh":false,"showFog":true,"showSkybox":false,"showFlares":true,"showImageEffects":true,"showParticleSystems":true,"showVisualEffectGraphs":true,"m_FxEnabled":true},"in2DMode":false,"pivot":{"x":1.7555444240570069,"y":0.604478120803833,"z":-5.859873294830322},"rotation":{"x":0.023346932604908944,"y":0.9727396368980408,"z":-0.20123827457427979,"w":0.11285372823476792},"size":1.4067267179489136,"orthographic":false}