{"cameraMode":{"drawMode":0,"name":"Shaded","section":"Shading Mode"},"sceneLighting":false,"audioPlay":false,"sceneViewState":{"m_AlwaysRefresh":false,"showFog":true,"showSkybox":false,"showFlares":true,"showImageEffects":true,"showParticleSystems":true,"showVisualEffectGraphs":true,"m_FxEnabled":true},"in2DMode":false,"pivot":{"x":0.8845438957214356,"y":-0.73541259765625,"z":-5.4696550369262699},"rotation":{"x":0.023346932604908944,"y":0.9727396368980408,"z":-0.20123827457427979,"w":0.11285372823476792},"size":6.735400676727295,"orthographic":false}